{
  "meta": {
    "chunk_id": 55,
    "start_time": 1650,
    "end_time": 1680,
    "segments_count": 1
  },
  "segments": [
    {
      "start": 1.0299999999999727,
      "end": 1.6269999999999527,
      "text": " Yep.",
      "words": [
        {
          "word": "Yep.",
          "start": 1.0299999999999727,
          "end": 1.6269999999999527,
          "score": 0.435,
          "speaker": "SPEAKER_01"
        }
      ],
      "speaker": "SPEAKER_01"
    }
  ]
}