{
  "meta": {
    "chunk_id": 31,
    "start_time": 930,
    "end_time": 960,
    "segments_count": 1
  },
  "segments": [
    {
      "start": 2.1380000000000337,
      "end": 3.3909999999999627,
      "text": " Mmm.",
      "words": [
        {
          "word": "Mmm.",
          "start": 2.1380000000000337,
          "end": 3.3909999999999627,
          "score": 0.478
        }
      ]
    }
  ]
}