{
  "meta": {
    "chunk_id": 16,
    "start_time": 480,
    "end_time": 510,
    "segments_count": 1
  },
  "segments": [
    {
      "start": 10.89100000000002,
      "end": 11.266999999999996,
      "text": " Yeah.",
      "words": [
        {
          "word": "Yeah.",
          "start": 10.89100000000002,
          "end": 11.266999999999996,
          "score": 0.357,
          "speaker": "SPEAKER_00"
        }
      ],
      "speaker": "SPEAKER_00"
    }
  ]
}