{
  "meta": {
    "chunk_id": 55,
    "start_time": 1650,
    "end_time": 1680,
    "segments_count": 1
  },
  "segments": [
    {
      "id": 29,
      "start": 1.0299999999999727,
      "end": 1.6269999999999527,
      "text": " Yep.",
      "speaker": "SPEAKER_01",
      "words": [
        {
          "start": 1.0299999999999727,
          "end": 1.6269999999999527,
          "word": "Yep."
        }
      ]
    }
  ]
}