{
  "meta": {
    "chunk_id": 50,
    "start_time": 1500,
    "end_time": 1530,
    "segments_count": 1
  },
  "segments": [
    {
      "id": 28,
      "start": 14.803000000000111,
      "end": 17.208000000000084,
      "text": " Yeah, yeah.",
      "speaker": "SPEAKER_01",
      "words": [
        {
          "start": 13.803000000000111,
          "end": 14.071999999999889,
          "word": "Yeah,"
        },
        {
          "start": 14.608999999999924,
          "end": 15.208000000000084,
          "word": "yeah."
        }
      ]
    }
  ]
}