{
  "meta": {
    "chunk_id": 13,
    "start_time": 390,
    "end_time": 420,
    "segments_count": 3
  },
  "segments": [
    {
      "id": 10,
      "start": 10.951999999999998,
      "end": 12.293000000000006,
      "text": "That's true. That's true. Yeah.",
      "speaker": "MARTEN",
      "words": [
        {
          "start": 5.552999999999997,
          "end": 5.773000000000025,
          "word": "That's"
        },
        {
          "start": 5.793999999999983,
          "end": 5.994000000000028,
          "word": "true."
        }
      ]
    },
    {
      "id": 11,
      "start": 13.293000000000006,
      "end": 14.293000000000006,
      "text": "Yeah.",
      "speaker": "MARTEN",
      "words": []
    },
    {
      "id": 12,
      "start": 16.293000000000006,
      "end": 17.293000000000006,
      "text": "Yeah.",
      "speaker": "MARTEN",
      "words": []
    }
  ]
}
