{
  "meta": {
    "chunk_id": 7,
    "start_time": 210,
    "end_time": 240,
    "segments_count": 1
  },
  "segments": [
    {
      "id": 5,
      "start": 23.67500000000001,
      "end": 24.087999999999994,
      "text": " Hmm.",
      "speaker": "MARTEN",
      "words": [
        {
          "start": 20.677999999999997,
          "end": 21.089,
          "word": "Hmm."
        }
      ]
    }
  ]
}
