{
  "comparison_type": "sod",
  "timestamp": "2025-12-14_20-31-28",
  "system_info": {
    "gpu": "NVIDIA GeForce RTX 3090 Ti",
    "vram": "24 GB",
    "device": "cuda"
  },
  "results": {
    "ground_truth_count": 92,
    "ground_truth_duration": 130.55900000000003,
    "total_audio_duration": 1651.574125,
    "pyannote_results": [
      {
        "onset": 0.1,
        "detected_count": 105,
        "detected_duration": 152.36913776336576,
        "time": 21.507052183151245,
        "frame_metrics": {
          "precision": 61.56672352709618,
          "recall": 58.952129664530716,
          "f1": 60.23106546854942
        },
        "frame_metrics_strict": {
          "precision": 42.789660149586666,
          "recall": 49.95404411764706,
          "f1": 46.09513039790798
        },
        "segment_metrics_iou05": {
          "precision": 17.142857142857142,
          "recall": 19.565217391304348,
          "f1": 18.274111675126903
        },
        "segment_metrics_iou03": {
          "precision": 27.61904761904762,
          "recall": 31.521739130434785,
          "f1": 29.441624365482237
        }
      },
      {
        "onset": 0.2,
        "detected_count": 82,
        "detected_duration": 94.08106579142394,
        "time": 20.6401047706604,
        "frame_metrics": {
          "precision": 73.5566188197767,
          "recall": 46.83184402924452,
          "f1": 57.22794391363693
        },
        "frame_metrics_strict": {
          "precision": 55.311004784689,
          "recall": 39.84375,
          "f1": 46.32028850006678
        },
        "segment_metrics_iou05": {
          "precision": 24.390243902439025,
          "recall": 21.73913043478261,
          "f1": 22.98850574712644
        },
        "segment_metrics_iou03": {
          "precision": 36.58536585365854,
          "recall": 32.608695652173914,
          "f1": 34.48275862068966
        }
      },
      {
        "onset": 0.3,
        "detected_count": 74,
        "detected_duration": 66.55708044508856,
        "time": 20.78530502319336,
        "frame_metrics": {
          "precision": 76.54747596153845,
          "recall": 36.162964014479385,
          "f1": 49.12026994456495
        },
        "frame_metrics_strict": {
          "precision": 61.027644230769226,
          "recall": 31.112132352941174,
          "f1": 41.21347402597402
        },
        "segment_metrics_iou05": {
          "precision": 24.324324324324326,
          "recall": 19.565217391304348,
          "f1": 21.686746987951807
        },
        "segment_metrics_iou03": {
          "precision": 39.189189189189186,
          "recall": 31.521739130434785,
          "f1": 34.93975903614458
        }
      },
      {
        "onset": 0.4,
        "detected_count": 60,
        "detected_duration": 49.51279767390811,
        "time": 20.30367398262024,
        "frame_metrics": {
          "precision": 81.05050505050505,
          "recall": 29.299642152924854,
          "f1": 43.040283216220566
        },
        "frame_metrics_strict": {
          "precision": 68.18181818181817,
          "recall": 25.85018382352941,
          "f1": 37.48750416527824
        },
        "segment_metrics_iou05": {
          "precision": 25.0,
          "recall": 16.304347826086957,
          "f1": 19.73684210526316
        },
        "segment_metrics_iou03": {
          "precision": 40.0,
          "recall": 26.08695652173913,
          "f1": 31.578947368421055
        }
      },
      {
        "onset": 0.5,
        "detected_count": 47,
        "detected_duration": 38.94871746127488,
        "time": 20.269798040390015,
        "frame_metrics": {
          "precision": 83.38469440164356,
          "recall": 24.053633602489075,
          "f1": 37.33685965618353
        },
        "frame_metrics_strict": {
          "precision": 72.00821777092963,
          "recall": 21.47671568627451,
          "f1": 33.08554572271387
        },
        "segment_metrics_iou05": {
          "precision": 27.659574468085108,
          "recall": 14.130434782608695,
          "f1": 18.705035971223023
        },
        "segment_metrics_iou03": {
          "precision": 46.808510638297875,
          "recall": 23.91304347826087,
          "f1": 31.654676258992808
        }
      },
      {
        "onset": 0.6,
        "detected_count": 39,
        "detected_duration": 29.228413623452127,
        "time": 20.433093547821045,
        "frame_metrics": {
          "precision": 84.30232558139535,
          "recall": 18.432662828086443,
          "f1": 30.250966435540285
        },
        "frame_metrics_strict": {
          "precision": 73.46101231190151,
          "recall": 16.452205882352942,
          "f1": 26.883604505632043
        },
        "segment_metrics_iou05": {
          "precision": 23.076923076923077,
          "recall": 9.782608695652174,
          "f1": 13.740458015267174
        },
        "segment_metrics_iou03": {
          "precision": 43.58974358974359,
          "recall": 18.478260869565215,
          "f1": 25.95419847328244
        }
      },
      {
        "onset": 0.7,
        "detected_count": 29,
        "detected_duration": 20.62189460038006,
        "time": 20.465131759643555,
        "frame_metrics": {
          "precision": 87.20930232558139,
          "recall": 13.55523759319226,
          "f1": 23.463468682786942
        },
        "frame_metrics_strict": {
          "precision": 76.40503875968993,
          "recall": 12.078737745098039,
          "f1": 20.85978835978836
        },
        "segment_metrics_iou05": {
          "precision": 27.586206896551722,
          "recall": 8.695652173913043,
          "f1": 13.223140495867769
        },
        "segment_metrics_iou03": {
          "precision": 44.827586206896555,
          "recall": 14.130434782608695,
          "f1": 21.487603305785125
        }
      },
      {
        "onset": 0.8,
        "detected_count": 22,
        "detected_duration": 13.837932546899992,
        "time": 20.35813617706299,
        "frame_metrics": {
          "precision": 89.01734104046243,
          "recall": 9.343242833308054,
          "f1": 16.911461908030198
        },
        "frame_metrics_strict": {
          "precision": 79.62427745664739,
          "recall": 8.440563725490197,
          "f1": 15.263157894736842
        },
        "segment_metrics_iou05": {
          "precision": 27.27272727272727,
          "recall": 6.521739130434782,
          "f1": 10.526315789473683
        },
        "segment_metrics_iou03": {
          "precision": 50.0,
          "recall": 11.956521739130435,
          "f1": 19.298245614035086
        }
      }
    ],
    "wavlm_results": [
      {
        "onset": 0.1,
        "detected_count": 1096,
        "detected_duration": 917.4388893293404,
        "time": 3.3041131496429443,
        "frame_metrics": {
          "precision": 16.53914067098293,
          "recall": 82.63805685655157,
          "f1": 27.562030006902315
        },
        "frame_metrics_strict": {
          "precision": 10.755782268436771,
          "recall": 75.58210784313727,
          "f1": 18.831701685082347
        },
        "segment_metrics_iou05": {
          "precision": 2.4635036496350367,
          "recall": 29.347826086956523,
          "f1": 4.545454545454546
        },
        "segment_metrics_iou03": {
          "precision": 4.927007299270073,
          "recall": 58.69565217391305,
          "f1": 9.090909090909092
        }
      },
      {
        "onset": 0.2,
        "detected_count": 707,
        "detected_duration": 429.50974027392624,
        "time": 3.253091812133789,
        "frame_metrics": {
          "precision": 25.11582427304263,
          "recall": 65.36201151166313,
          "f1": 36.28779979144942
        },
        "frame_metrics_strict": {
          "precision": 17.086117384117525,
          "recall": 56.21170343137255,
          "f1": 26.20650252637969
        },
        "segment_metrics_iou05": {
          "precision": 4.243281471004243,