{
  "meta": {
    "chunk_id": 12,
    "start_time": 360,
    "end_time": 390,
    "segments_count": 2
  },
  "segments": [
    {
      "id": 8,
      "start": 17.187000000000012,
      "end": 17.697000000000003,
      "text": " Yeah.",
      "speaker": "MARTEN",
      "words": [
        {
          "start": 11.887999999999977,
          "end": 21.69799999999998,
          "word": "Yeah."
        }
      ]
    },
    {
      "id": 9,
      "start": 26.718000000000018,
      "end": 27.30000000000001,
      "text": "Yeah.",
      "speaker": "SPEAKER_01",
      "words": [
        {
          "start": 21.718000000000018,
          "end": 30,
          "word": "Yeah."
        }
      ]
    }
  ]
}
