{
  "meta": {
    "chunk_id": 37,
    "start_time": 1110,
    "end_time": 1140,
    "segments_count": 1
  },
  "segments": [
    {
      "id": 22,
      "start": 8.564000000000078,
      "end": 9.50500000000011,
      "text": "Yeah, yeah.",
      "speaker": "SPEAKER_01",
      "words": [
        {
          "start": 8.564000000000078,
          "end": 8.804000000000087,
          "word": "Yeah,"
        },
        {
          "start": 9.224999999999909,
          "end": 9.50500000000011,
          "word": "yeah."
        }
      ]
    }
  ]
}