{
  "meta": {
    "chunk_id": 41,
    "start_time": 1230,
    "end_time": 1260,
    "segments_count": 1
  },
  "segments": [
    {
      "id": 27,
      "start": 22.68399999999997,
      "end": 24.825000000000045,
      "text": "I don't think so, no.",
      "speaker": "MARTEN",
      "words": [
        {
          "start": 24.684999999999945,
          "end": 24.825000000000045,
          "word": "No."
        }
      ]
    }
  ]
}
